{"cameraMode":{"drawMode":0,"name":"Shaded","section":"Shading Mode"},"sceneLighting":true,"audioPlay":false,"sceneViewState":{"m_AlwaysRefresh":true,"showFog":true,"showSkybox":true,"showFlares":true,"showImageEffects":true,"showParticleSystems":true,"showVisualEffectGraphs":true,"m_FxEnabled":true},"in2DMode":false,"pivot":{"x":-1.4186023473739625,"y":4.910144329071045,"z":0.7670462131500244},"rotation":{"x":-0.022621719166636468,"y":0.7346618175506592,"z":-0.023235028609633447,"w":-0.6782676577568054},"size":1.524744987487793,"orthographic":false}