{"cameraMode":{"drawMode":0,"name":"Shaded","section":"Shading Mode"},"sceneLighting":true,"audioPlay":false,"sceneViewState":{"m_AlwaysRefresh":true,"showFog":true,"showSkybox":false,"showFlares":true,"showImageEffects":true,"showParticleSystems":true,"showVisualEffectGraphs":true,"m_FxEnabled":true},"in2DMode":false,"pivot":{"x":10.346609115600586,"y":6.694710731506348,"z":2.0495691299438478},"rotation":{"x":0.11360348016023636,"y":0.21187789738178254,"z":-0.02570376731455326,"w":0.9705618619918823},"size":1.706744909286499,"orthographic":false}