{"cameraMode":{"drawMode":0,"name":"Shaded","section":"Shading Mode"},"sceneLighting":true,"audioPlay":false,"sceneViewState":{"m_AlwaysRefresh":true,"showFog":true,"showSkybox":false,"showFlares":true,"showImageEffects":true,"showParticleSystems":true,"showVisualEffectGraphs":true,"m_FxEnabled":true},"in2DMode":false,"pivot":{"x":-1.6656244993209839,"y":13.63267707824707,"z":3.2617063522338869},"rotation":{"x":-0.08208110928535462,"y":0.38695111870765688,"z":-0.03291373327374458,"w":-0.9181694984436035},"size":2.141392230987549,"orthographic":false}